,"put in the highlight region (start index, end index, color for highlighting)",,,,,,,,,,,,,,,,,,,,,,,,,
,You can find color in matlab website and change them below to the color you want,,,,,,,,,,,,,,,,,,,,,,,,,
,website: https://matplotlib.org/stable/gallery/color/named_colors.html,,,,,,,,,,,,,,,,,,,,,,,,,
WT_sequence,GGAAACCTGATCATGTAGATCGAACGGACTCTAAATCCGTTCAGCCGGGTTAGATTCCCGGGGTTTCCG,,,,,,,,,,,,,,,,,,,,,,,,,
Feature_annotation,TRUE,,,,,,,,,,,,,,,,,,,,,,,,,
start_index,1,9,18,23,36,45,57,62,,,,,,,,,,,,,,,,,,
end_index,7,12,21,28,41,49,61,68,,,,,,,,,,,,,,,,,,
color,lightblue,lemonchiffon,lemonchiffon,lightgray,lightgray,bisque,bisque,lightblue,,,,,,,,,,,,,,,,,,
export_file_name,output_file_MmPyltR_Q20_test_code_VAMP,,,,,,,,,,,,,,,,,,,,,,,,,
,"If you want to process your pair mutation VAMP data, please list your pair index in a order of 5'",,,,,,,,,,,,,,,,,,,,,,,,,
pairs_5prime,1,2,3,4,5,6,7,9,10,11,12,13,15,28,45,46,47,48,49,50,16,23,24,25,26,27
pairs_3prime,68,67,66,65,64,63,62,21,20,19,18,55,51,36,61,60,59,58,57,54,52,41,40,39,38,37
